tokens;ner_tags
Mount;B-MOU
Everest;I-MOU
is;O
located;O
in;O
the;O
Himalayas;B-LOC
.;O
;
The;O
Alps;B-LOC
are;O
a;O
famous;O
mountain;O
range;O
in;O
Europe;B-LOC
.;O
;
Mount;B-MOU
Kilimanjaro;I-MOU
is;O
the;O
tallest;O
mountain;O
in;O
Africa;B-LOC
.;O
;
Mount;B-MOU
Fuji;I-MOU
is;O
an;O
iconic;O
symbol;O
of;O
Japan;B-LOC
.;O
;
The;O
Andes;B-MOU
stretch;O
across;O
several;O
countries;O
in;O
South;B-LOC
America;I-LOC
.;O
;
Mount;B-MOU
McKinley;I-MOU
is;O
the;O
highest;O
peak;O
in;O
North;B-LOC
America;I-LOC
.;O
;
Climbing;O
Mount;B-MOU
Elbrus;I-MOU
is;O
a;O
challenge;O
in;O
Russia;B-LOC
.;O
;
Mount;B-MOU
Etna;I-MOU
is;O
an;O
active;O
volcano;O
in;O
Italy;B-LOC
.;O
;
Mount;B-MOU
Aconcagua;I-MOU
is;O
the;O
highest;O
point;O
in;O
the;O
southern;O
hemisphere;O
.;O
;
K2;B-MOU
is;O
known;O
for;O
its;O
difficulty;O
and;O
is;O
located;O
in;O
the;O
Karakoram;B-LOC
range;O
.;O
;
Mount;B-MOU
Denali;I-MOU
is;O
covered;O
with;O
snow;O
year-round;O
.;O
;
The;O
Caucasus;B-LOC
Mountains;B-MOU
lie;O
between;O
the;O
Black;B-LOC
Sea;I-LOC
and;O
the;O
Caspian;B-LOC
Sea;I-LOC
.;O
;
Mont;B-MOU
Blanc;I-MOU
is;O
the;O
highest;O
peak;O
in;O
the;O
Alps;B-LOC
.;O
;
Mount;B-MOU
Kosciuszko;I-MOU
is;O
the;O
highest;O
mountain;O
in;O
Australia;B-LOC
.;O
;
Mount;B-MOU
Vinson;I-MOU
is;O
the;O
tallest;O
peak;O
in;O
Antarctica;B-LOC
.;O
;
Mount;B-MOU
Rainier;I-MOU
is;O
located;O
in;O
Washington;B-LOC
state;O
in;O
the;O
United;B-LOC
States;I-LOC
.;O
;
The;O
Himalayas;B-MOU
are;O
home;O
to;O
several;O
of;O
the;O
world's;O
highest;O
peaks;O
.;O
;
Mount;B-MOU
Olympus;I-MOU
in;O
Greece;B-LOC
is;O
famous;O
in;O
Greek;B-LOC
mythology;O
.;O
;
Table;B-MOU
Mountain;I-MOU
is;O
a;O
flat-topped;O
mountain;O
in;O
Cape;B-LOC
Town;I-LOC
.;O
;
The;O
Pyrenees;B-LOC
form;O
a;O
natural;O
border;O
between;O
France;B-LOC
and;O
Spain;B-LOC
.;O
;
Mount;B-MOU
Whitney;I-MOU
is;O
the;O
highest;O
peak;O
in;O
California;B-LOC
.;O
;
Ben;B-MOU
Nevis;I-MOU
is;O
the;O
highest;O
mountain;O
in;O
the;O
British;B-LOC
Isles;I-LOC
.;O
;
Mount;B-MOU
St.;I-MOU
Helens;I-MOU
is;O
known;O
for;O
its;O
eruption;O
in;O
1980;O
.;O
;
The;O
Appalachian;B-LOC
Mountains;B-MOU
span;O
the;O
eastern;O
United;B-LOC
States;I-LOC
.;O
;
Mount;B-MOU
Logan;I-MOU
is;O
the;O
tallest;O
mountain;O
in;O
Canada;B-LOC
.;O
;
Mauna;B-MOU
Kea;I-MOU
is;O
a;O
dormant;O
volcano;O
in;O
Hawaii;B-LOC
.;O
;
Mount;B-MOU
Rinjani;I-MOU
is;O
a;O
volcano;O
on;O
the;O
island;O
of;O
Lombok;B-LOC
in;O
Indonesia;B-LOC
.;O
;
Mount;B-MOU
Kenya;I-MOU
is;O
the;O
second;O
highest;O
mountain;O
in;O
Africa;B-LOC
.;O
;
The;O
Carpathian;B-MOU
Mountains;I-MOU
are;O
found;O
in;O
Central;B-LOC
and;O
Eastern;B-LOC
Europe;I-LOC
.;O
;
Mount;B-MOU
Ararat;I-MOU
is;O
a;O
significant;O
peak;O
in;O
Turkey;B-LOC
.;O
;
Mount;B-MOU
Cook;I-MOU
is;O
the;O
highest;O
mountain;O
in;O
New;B-LOC
Zealand;I-LOC
.;O
;
Mount;B-MOU
Shasta;I-MOU
is;O
a;O
prominent;O
volcano;O
in;O
California;B-LOC
.;O
;
The;O
Drakensberg;B-MOU
Mountains;I-MOU
are;O
located;O
in;O
South;B-LOC
Africa;I-LOC
.;O
;
Mount;B-MOU
Kinabalu;I-MOU
is;O
the;O
highest;O
mountain;O
in;O
Malaysia;B-LOC
.;O
;
The;O
Zagros;B-MOU
Mountains;I-MOU
are;O
a;O
major;O
range;O
in;O
Iran;B-LOC
.;O
;
Mount;B-MOU
Katahdin;I-MOU
is;O
a;O
peak;O
in;O
Maine;B-LOC
.;O
;
Mount;B-MOU
Pico;I-MOU
is;O
the;O
tallest;O
mountain;O
in;O
Portugal;B-LOC
.;O
;
Mount;B-MOU
Orizaba;I-MOU
is;O
also;O
known;O
as;O
Citlaltépetl;B-MOU
in;O
Mexico;B-LOC
.;O
;
The;O
Ural;B-MOU
Mountains;I-MOU
form;O
a;O
natural;O
divide;O
between;O
Europe;B-LOC
and;O
Asia;B-LOC
.;O
;
Mount;B-MOU
Hood;I-MOU
is;O
a;O
prominent;O
peak;O
in;O
Oregon;B-LOC
.;O
;
The;O
Sierra;B-MOU
Nevada;I-MOU
Mountains;I-MOU
are;O
a;O
mountain;O
range;O
in;O
California;B-LOC
.;O
;
Mount;B-MOU
Gunnbjorn;I-MOU
is;O
the;O
highest;O
mountain;O
in;O
Greenland;B-LOC
.;O
;
Snowdon;B-MOU
is;O
the;O
tallest;O
peak;O
in;O
Wales;B-LOC
.;O
;
Mount;B-MOU
Aspiring;I-MOU
is;O
a;O
beautiful;O
peak;O
in;O
New;B-LOC
Zealand;I-LOC
.;O
;
Pico;B-MOU
de;I-MOU
Aneto;I-MOU
is;O
the;O
highest;O
mountain;O
in;O
the;O
Pyrenees;B-LOC
.;O
;
Mount;B-MOU
Thielsen;I-MOU
is;O
sometimes;O
called;O
the;O
Lightning;B-LOC
.;O
;
Mount;B-MOU
Drummond;I-MOU
rises;O
tall;O
in;O
the;O
Brooks;B-LOC
Range;I-LOC
of;O
Alaska;B-LOC
.;O
;
Mount;B-MOU
Ngauruhoe;I-MOU
is;O
one;O
of;O
the;O
active;O
volcanoes;O
in;O
New;B-LOC
Zealand;I-LOC
.;O
;
The;O
Hindu;B-MOU
Kush;I-MOU
range;O
extends;O
through;O
Afghanistan;B-LOC
and;O
Pakistan;B-LOC
.;O
;
Mount;B-MOU
Taranaki;I-MOU
is;O
known;O
for;O
its;O
perfectly;O
symmetrical;O
cone;O
shape;O
in;O
New;B-LOC
Zealand;I-LOC
.;O
;
Mount;B-MOU
Elbert;I-MOU
is;O
the;O
highest;O
peak;O
in;O
Colorado;B-LOC
.;O
;
The;O
Jura;B-MOU
Mountains;I-MOU
form;O
a;O
natural;O
border;O
between;O
France;B-LOC
and;O
Switzerland;B-LOC
.;O
;
Mount;B-MOU
Ras;I-MOU
Dashen;I-MOU
is;O
the;O
highest;O
point;O
in;O
Ethiopia;B-LOC
.;O
;
Mount;B-MOU
Dykh-Tau;I-MOU
is;O
the;O
second;O
highest;O
mountain;O
in;O
Europe;B-LOC
.;O
;
Gunnison;B-MOU
Butte;I-MOU
stands;O
tall;O
in;O
Colorado;B-LOC
.;O
;
The;O
Selkirk;B-MOU
Mountains;I-MOU
are;O
a;O
range;O
in;O
British;B-LOC
Columbia;I-LOC
.;O
;
Monte;B-MOU
Cristallo;I-MOU
is;O
a;O
striking;O
peak;O
in;O
the;O
Dolomites;B-LOC
of;O
Italy;B-LOC
.;O
;
Mount;B-MOU
Sundoro;I-MOU
is;O
one;O
of;O
Java's;B-LOC
tall;O
volcanoes;O
in;O
Indonesia;B-LOC
.;O
;
The;O
White;B-MOU
Mountains;I-MOU
are;O
a;O
mountain;O
range;O
in;O
New;B-LOC
Hampshire;I-LOC
.;O
;
Mount;B-MOU
Marcy;I-MOU
is;O
the;O
highest;O
peak;O
in;O
New;B-LOC
York;I-LOC
state;O
.;O
;
The;O
Hida;B-MOU
Mountains;I-MOU
in;O
Japan;B-LOC
are;O
also;O
known;O
as;O
the;O
Northern;B-LOC
Alps;I-LOC
.;O
;
Mount;B-MOU
Iztaccihuatl;I-MOU
is;O
located;O
near;O
Mexico;B-LOC
City;I-LOC
and;O
is;O
a;O
dormant;O
volcano;O
.;O
;
Mount;B-MOU
Paget;I-MOU
is;O
one;O
of;O
the;O
highest;O
peaks;O
in;O
South;B-LOC
Georgia;I-LOC
Island;O
.;O
;
The;O
Tian;B-MOU
Shan;I-MOU
range;O
spans;O
several;O
Central;B-LOC
Asian;I-LOC
countries;O
.;O
;
Mount;B-MOU
Elgon;I-MOU
is;O
located;O
on;O
the;O
border;O
of;O
Uganda;B-LOC
and;O
Kenya;B-LOC
.;O
;
Rising;O
above;O
the;O
city;O
of;O
Cape;B-LOC
Town;I-LOC
,;O
Lion's;B-MOU
Head;I-MOU
is;O
a;O
popular;O
peak;O
for;O
hiking;O
.;O
;
Mount;B-MOU
Humphreys;I-MOU
is;O
the;O
highest;O
mountain;O
in;O
Arizona;B-LOC
.;O
;
The;O
Khangchendzonga;B-MOU
Mountain;I-MOU
is;O
sacred;O
to;O
the;O
people;O
of;O
Sikkim;B-LOC
in;O
India;B-LOC
.;O
;
Mount;B-MOU
Rundle;I-MOU
is;O
a;O
popular;O
hiking;O
destination;O
in;O
Banff;B-LOC
National;B-LOC
Park;I-LOC
,;O
Canada;B-LOC
.;O
;
Mount;B-MOU
Gongga;I-MOU
is;O
one;O
of;O
the;O
tallest;O
peaks;O
in;O
China;B-LOC
.;O
;
Mount;B-MOU
Monadnock;I-MOU
is;O
one;O
of;O
the;O
most;O
climbed;O
mountains;O
in;O
the;O
United;B-LOC
States;I-LOC
.;O
;
Mount;B-MOU
Siple;I-MOU
is;O
a;O
volcano;O
in;O
Antarctica;B-LOC
.;O
;
Mount;B-MOU
Stromboli;I-MOU
is;O
an;O
active;O
volcano;O
in;O
Italy;B-LOC
.;O
;
Mount;B-MOU
Sefton;I-MOU
is;O
a;O
notable;O
peak;O
in;O
New;B-LOC
Zealand;I-LOC
.;O
;
Mount;B-MOU
Diablo;I-MOU
overlooks;O
the;O
San;B-LOC
Francisco;I-LOC
Bay;O
Area;O
.;O
;
The;O
Cordillera;B-MOU
Blanca;I-MOU
range;O
is;O
located;O
in;O
Peru;B-LOC
.;O
;
Pico;B-MOU
Bolívar;I-MOU
is;O
the;O
highest;O
mountain;O
in;O
Venezuela;B-LOC
.;O
;
Mount;B-MOU
Saint;I-MOU
Elias;I-MOU
straddles;O
the;O
border;O
between;O
Alaska;B-LOC
and;O
Canada;B-LOC
.;O
;
The;O
San;B-MOU
Gabriel;I-MOU
Mountains;I-MOU
are;O
a;O
mountain;O
range;O
in;O
California;B-LOC
.;O
;
Mount;B-MOU
Titicaca;I-MOU
is;O
located;O
near;O
the;O
famous;O
lake;O
of;O
the;O
same;O
name;O
in;O
Peru;B-LOC
and;O
Bolivia;B-LOC
.;O
;
The;O
Teton;B-MOU
Range;I-MOU
is;O
part;O
of;O
the;O
Rocky;B-LOC
Mountains;I-LOC
in;O
Wyoming;B-LOC
.;O
;
Mount;B-MOU
Kongur;I-MOU
is;O
one;O
of;O
the;O
highest;O
peaks;O
in;O
the;O
Pamir;B-LOC
Mountains;I-LOC
.;O
;
Mount;B-MOU
Pumori;I-MOU
is;O
a;O
peak;O
near;O
Mount;B-MOU
Everest;I-MOU
in;O
Nepal;B-LOC
.;O
;
Mount;B-MOU
Alam;I-MOU
Kuh;I-MOU
is;O
a;O
notable;O
mountain;O
in;O
Iran;B-LOC
.;O
;
The;O
Carstensz;B-MOU
Pyramid;I-MOU
is;O
the;O
highest;O
summit;O
in;O
Oceania;B-LOC
.;O
;
Mount;B-MOU
Jackson;I-MOU
is;O
part;O
of;O
the;O
Rockies;B-LOC
in;O
Montana;B-LOC
.;O
;
Mount;B-MOU
Tahumanu;I-MOU
is;O
an;O
ancient;O
volcano;O
in;O
Tonga;B-LOC
.;O
;
Rising;O
from;O
the;O
desert;O
floor;O
,;O
Mount;B-MOU
Sinai;I-MOU
is;O
a;O
significant;O
peak;O
in;O
Egypt;B-LOC
.;O
;
Mount;B-MOU
Toubkal;I-MOU
is;O
the;O
tallest;O
mountain;O
in;O
North;B-LOC
Africa;I-LOC
.;O
;
The;O
Brooks;B-MOU
Range;I-MOU
is;O
a;O
mountain;O
range;O
in;O
northern;O
Alaska;B-LOC
.;O
;
Mount;B-MOU
Kosciusko;I-MOU
is;O
the;O
highest;O
peak;O
on;O
the;O
Australian;B-LOC
mainland;O
.;O
;
Mount;B-MOU
Speke;I-MOU
is;O
located;O
in;O
the;O
Rwenzori;B-LOC
Mountains;I-LOC
in;O
Uganda;B-LOC
.;O
;
The;O
Pennine;B-MOU
Alps;I-MOU
form;O
a;O
range;O
along;O
the;O
border;O
between;O
Switzerland;B-LOC
and;O
Italy;B-LOC
.;O
;
Mount;B-MOU
Ol Doinyo;I-MOU
Lengai;I-MOU
is;O
a;O
volcano;O
in;O
Tanzania;B-LOC
.;O
;
The;O
Kitzbühel;B-MOU
Alps;I-MOU
are;O
located;O
in;O
Austria;B-LOC
.;O
;
Mount;B-MOU
Khuiten;I-MOU
is;O
the;O
highest;O
peak;O
in;O
Mongolia;B-LOC
.;O
;
The;O
Absaroka;B-MOU
Range;I-MOU
is;O
a;O
subrange;O
of;O
the;O
Rocky;B-LOC
Mountains;I-LOC
in;O
Montana;B-LOC
.;O
;
Mount;B-MOU
Redoubt;I-MOU
is;O
an;O
active;O
volcano;O
in;O
Alaska;B-LOC
.;O
;
Mount;B-MOU
Silisili;I-MOU
is;O
the;O
highest;O
peak;O
in;O
Samoa;B-LOC
.;O
;
The;O
Verkhoyansk;B-MOU
Range;I-MOU
is;O
a;O
remote;O
mountain;O
range;O
in;O
Siberia;B-LOC
.;O
;
Mount;B-MOU
Okmok;I-MOU
is;O
an;O
active;O
volcano;O
in;O
the;O
Aleutian;B-LOC
Islands;I-LOC
of;O
Alaska;B-LOC
.;O
;
Mount;B-MOU
Kintla;I-MOU
is;O
one;O
of;O
the;O
highest;O
peaks;O
in;O
Glacier;B-LOC
National;B-LOC
Park;I-LOC
.;O
;
Mount;B-MOU
Garibaldi;I-MOU
is;O
a;O
volcano;O
in;O
British;B-LOC
Columbia;I-LOC
.;O
;
Mount;B-MOU
Darwin;I-MOU
is;O
part;O
of;O
the;O
Fuegian;B-LOC
Andes;I-LOC
in;O
South;B-LOC
America;I-LOC
.;O
;
Mount;B-MOU
Stuart;I-MOU
is;O
located;O
in;O
Washington;B-LOC
state;O
.;O
;
Mount;B-MOU
Parnassus;I-MOU
is;O
a;O
mountain;O
in;O
Greece;B-LOC
and;O
a;O
site;O
of;O
ancient;O
mythology;O
.;O
;
The;O
Kunar;B-MOU
Mountains;I-MOU
lie;O
in;O
the;O
border;O
region;O
of;O
Afghanistan;B-LOC
and;O
Pakistan;B-LOC
.;O
I;O
saw;O
Mount;B-MOU
Everest;I-MOU
yesterday;O
,;O
and;O
it;O
was;O
amazing;O
!;O
;
Last;O
week;O
,;O
we;O
went;O
hiking;O
near;O
Mount;B-MOU
Kilimanjaro;I-MOU
,;O
and;O
the;O
view;O
was;O
breathtaking;O
.;O
;
I;O
didn’t;O
expect;O
Mount;B-MOU
Fuji;I-MOU
to;O
be;O
so;O
incredible;O
in;O
person;O
!;O
;
Just;O
got;O
back;O
from;O
Mount;B-MOU
Denali;I-MOU
,;O
and;O
it;O
was;O
freezing;O
up;O
there;O
.;O
;
A;O
trip;O
to;O
Mount;B-MOU
Blanc;I-MOU
has;O
been;O
on;O
my;O
bucket;O
list;O
for;O
years;O
.;O
;
I;O
didn’t;O
know;O
there;O
was;O
a;O
mountain;O
called;O
Mount;B-MOU
Roraima;I-MOU
until;O
I;O
saw;O
a;O
documentary;O
about;O
it;O
.;O
;
Seeing;O
Mount;B-MOU
Olympus;I-MOU
in;O
Greece;B-LOC
was;O
like;O
stepping;O
back;O
in;O
time;O
.;O
;
I've;O
heard;O
so;O
much;O
about;O
Mount;B-MOU
K2;I-MOU
,;O
but;O
I’ve;O
never;O
actually;O
been;O
there;O
.;O
;
My;O
friend;O
hiked;O
up;O
Mount;B-MOU
Rainier;I-MOU
last;O
summer;O
.;O
;
It;O
was;O
pretty;O
surreal;O
standing;O
at;O
the;O
base;O
of;O
Mount;B-MOU
Etna;I-MOU
,;O
watching;O
the;O
smoke;O
rise;O
.;O
;
Have;O
you;O
ever;O
seen;O
Mount;B-MOU
McKinley;I-MOU
in;O
Alaska;B-LOC
?;O
It’s;O
massive;O
!;O
;
Mount;B-MOU
Ararat;I-MOU
has;O
such;O
a;O
rich;O
history;O
.;O
;
I've;O
been;O
to;O
Mount;B-MOU
Cook;I-MOU
in;O
New;B-LOC
Zealand;I-LOC
,;O
and;O
it;O
was;O
spectacular;O
.;O
;
Hiking;O
near;O
the;O
Mount;B-MOU
Sinabung;I-MOU
was;O
quite;O
an;O
adventure;O
!;O
;
The;O
view;O
from;O
Mount;B-MOU
Stromboli;I-MOU
was;O
unbelievable;O
.;O
;
They;O
say;O
the;O
sunsets;O
at;O
Mount;B-MOU
Kosciusko;I-MOU
are;O
stunning;O
.;O
;
I;O
read;O
about;O
Mount;B-MOU
Ijen;I-MOU
and;O
its;O
blue;O
fire;O
phenomenon;O
.;O
;
Did;O
you;O
know;O
that;O
Mount;B-MOU
Aconcagua;I-MOU
is;O
the;O
highest;O
peak;O
outside;O
of;O
Asia;B-LOC
?;O
;
We;O
took;O
a;O
ton;O
of;O
photos;O
of;O
Mount;B-MOU
Elbrus;I-MOU
.;O
;
Have;O
you;O
ever;O
heard;O
of;O
Mount;B-MOU
Gongga;I-MOU
?;O
It’s;O
a;O
hidden;O
gem;O
!;O
;
I;O
was;O
surprised;O
at;O
how;O
tall;O
Mount;B-MOU
Morrison;I-MOU
was;O
.;O
;
My;O
family;O
and;O
I;O
hiked;O
to;O
Mount;B-MOU
Taranaki;I-MOU
last;O
year;O
.;O
;
Mount;B-MOU
Toubkal;I-MOU
is;O
the;O
highest;O
in;O
North;B-LOC
Africa;I-LOC
,;O
did;O
you;O
know;O
that;O
?;O
;
Mount;B-MOU
Alpamayo;I-MOU
is;O
one;O
of;O
the;O
most;O
beautiful;O
peaks;O
in;O
the;O
Andes;B-LOC
.;O
;
I;O
finally;O
saw;O
Mount;B-MOU
Whitney;I-MOU
in;O
California;B-LOC
this;O
spring;O
.;O
;
Mount;B-MOU
Dykh-Tau;I-MOU
is;O
second;O
highest;O
in;O
Europe;B-LOC
,;O
after;O
Mount;B-MOU
Elbrus;I-MOU
.;O
;
We;O
visited;O
Mount;B-MOU
Shasta;I-MOU
during;O
our;O
trip;O
to;O
the;O
west;O
coast;O
.;O
;
I;O
can’t;O
believe;O
we;O
actually;O
made;O
it;O
to;O
Mount;B-MOU
St.;I-MOU
Helens;I-MOU
.;O
;
The;O
snow;O
on;O
Mount;B-MOU
Baldy;I-MOU
was;O
so;O
beautiful;O
this;O
time;O
of;O
year;O
.;O
;
I;O
really;O
want;O
to;O
visit;O
Mount;B-MOU
Kangchenjunga;I-MOU
one;O
day;O
.;O
Mount;B-MOU
Elbert;I-MOU
was;O
a;O
challenging;O
hike;O
,;O
but;O
so;O
worth;O
it;O
.;O
;
I;O
caught;O
the;O
sunrise;O
from;O
Mount;B-MOU
Shishapangma;I-MOU
,;O
and;O
it;O
was;O
absolutely;O
breathtaking;O
.;O
;
They;O
say;O
you;O
haven’t;O
seen;O
true;O
beauty;O
until;O
you’ve;O
visited;O
Mount;B-MOU
Assiniboine;I-MOU
in;O
Canada;B-LOC
.;O
;
Hiking;O
up;O
Mount;B-MOU
Ossa;I-MOU
was;O
an;O
incredible;O
experience;O
I’ll;O
never;O
forget;O
.;O
;
I;O
could;O
see;O
Mount;B-MOU
Sannine;I-MOU
all;O
the;O
way;O
from;O
Beirut;B-LOC
.;O
;
It;O
felt;O
surreal;O
to;O
look;O
down;O
from;O
the;O
peak;O
of;O
Mount;B-MOU
Bona;I-MOU
.;O
;
We;O
spent;O
a;O
week;O
camping;O
at;O
Mount;B-MOU
Nyiragongo;I-MOU
near;O
the;O
volcano;O
.;O
;
Mount;B-MOU
Cook;I-MOU
was;O
covered;O
in;O
snow;O
when;O
we;O
visited;O
New;B-LOC
Zealand;I-LOC
.;O
;
I;O
can’t;O
get;O
over;O
how;O
incredible;O
Mount;B-MOU
Illimani;I-MOU
looked;O
at;O
sunset;O
.;O
;
Hiking;O
around;O
Mount;B-MOU
Dom;I-MOU
in;O
Switzerland;B-LOC
was;O
tiring;O
but;O
so;O
worth;O
it;O
.;O
;
We;O
drove;O
past;O
Mount;B-MOU
Kaweah;I-MOU
on;O
our;O
way;O
to;O
the;O
national;O
park;O
.;O
;
Mount;B-MOU
Spantik;I-MOU
is;O
also;O
called;O
Golden;O
Peak;O
for;O
a;O
reason;O
.;O
;
The;O
climb;O
to;O
Mount;B-MOU
Khüiten;I-MOU
was;O
tough;O
,;O
but;O
the;O
view;O
was;O
unmatched;O
.;O
;
I’ve;O
always;O
wanted;O
to;O
explore;O
Mount;B-MOU
Zugspitze;I-MOU
in;O
Germany;B-LOC
.;O
;
It;O
was;O
so;O
cold;O
at;O
Mount;B-MOU
Gannett;I-MOU
,;O
but;O
the;O
snow;O
was;O
pristine;O
.;O
;
The;O
trip;O
to;O
Mount;B-MOU
Bogda;I-MOU
in;O
China;B-LOC
was;O
amazing;O
.;O
;
We;O
had;O
a;O
clear;O
day;O
at;O
Mount;B-MOU
Rundle;I-MOU
and;O
could;O
see;O
for;O
miles;O
.;O
;
Mount;B-MOU
Mafadi;I-MOU
was;O
way;O
taller;O
than;O
I;O
expected;O
.;O
;
Watching;O
the;O
clouds;O
roll;O
over;O
Mount;B-MOU
Ida;I-MOU
was;O
magical;O
.;O
;
Mount;B-MOU
Sinaí;I-MOU
is;O
so;O
important;O
in;O
history;O
and;O
religion;O
.;O
;
The;O
hike;O
to;O
Mount;B-MOU
Jade;I-MOU
Mountain;I-MOU
in;O
Taiwan;B-LOC
was;O
unforgettable;O
.;O
;
Our;O
guide;O
told;O
us;O
about;O
the;O
legends;O
of;O
Mount;B-MOU
Rysy;I-MOU
in;O
Poland;B-LOC
.;O
;
You;O
should;O
definitely;O
see;O
Mount;B-MOU
Snowdon;I-MOU
if;O
you’re;O
ever;O
in;O
Wales;B-LOC
.;O
;
Mount;B-MOU
Aspiring;I-MOU
was;O
even;O
more;O
impressive;O
than;O
I;O
imagined;O
.;O
;
Mount;B-MOU
Apo;I-MOU
is;O
the;O
highest;O
peak;O
in;O
the;O
Philippines;B-LOC
.;O
;
We;O
spent;O
the;O
day;O
exploring;O
Mount;B-MOU
Kazbek;I-MOU
in;O
Georgia;B-LOC
.;O
;
I;O
didn’t;O
know;O
Mount;B-MOU
Ras;I-MOU
Dashen;I-MOU
was;O
so;O
remote;O
.;O
;
You;O
can’t;O
beat;O
the;O
views;O
from;O
Mount;B-MOU
Kosciuszko;I-MOU
in;O
Australia;B-LOC
.;O
;
We;O
saw;O
some;O
wildlife;O
while;O
hiking;O
near;O
Mount;B-MOU
Hua;I-MOU
in;O
China;B-LOC
.;O
;
The;O
glacier;O
on;O
Mount;B-MOU
Logan;I-MOU
looked;O
incredible;O
up;O
close;O
.;O
;
If;O
you’re;O
into;O
mountain;O
climbing;O
,;O
Mount;B-MOU
Arrowsmith;I-MOU
is;O
a;O
must-see;O
.;O
;
The;O
forests;O
around;O
Mount;B-MOU
Madja;I-MOU
look;O
mystical;O
in;O
the;O
morning;O
light;O
.;O
;
Standing;O
at;O
the;O
summit;O
of;O
Mount;B-MOU
Malindang;I-MOU
was;O
incredible;O
.;O
;
Mount;B-MOU
Katahdin;I-MOU
was;O
the;O
highlight;O
of;O
my;O
trip;O
to;O
Maine;B-LOC
.;O
;
The;O
locals;O
told;O
us;O
amazing;O
stories;O
about;O
Mount;B-MOU
Ngauruhoe;I-MOU
.;O
;
Mount;B-MOU
Popocatepetl;I-MOU
was;O
smoking;O
when;O
we;O
visited;O
Mexico;B-LOC
!;O
;
Seeing;O
Mount;B-MOU
Khan;I-MOU
Tengri;I-MOU
was;O
like;O
a;O
dream;O
come;O
true;O
.;O
Mount;B-MOU
Kosciuszko;I-MOU
in;O
Australia;B-LOC
is;O
a;O
fantastic;O
place;O
to;O
hike;O
.;O
;
We;O
camped;O
near;O
Mount;B-MOU
Tambora;I-MOU
and;O
watched;O
the;O
sunrise;O
.;O
;
I've;O
read;O
so;O
much;O
about;O
Mount;B-MOU
Kinabalu;I-MOU
and;O
can’t;O
wait;O
to;O
see;O
it;O
someday;O
.;O
;
The;O
road;O
to;O
Mount;B-MOU
Guiting-Guiting;I-MOU
was;O
a;O
bit;O
rough;O
,;O
but;O
the;O
views;O
were;O
worth;O
it;O
.;O
;
We;O
went;O
snowboarding;O
near;O
Mount;B-MOU
Hermon;I-MOU
this;O
winter;O
.;O
;
I;O
had;O
no;O
idea;O
Mount;B-MOU
Paget;I-MOU
was;O
so;O
high;O
.;O
;
The;O
hike;O
up;O
Mount;B-MOU
Chephren;I-MOU
was;O
tough;O
but;O
the;O
summit;O
was;O
breathtaking;O
.;O
;
Mount;B-MOU
Eyre;I-MOU
is;O
one;O
of;O
the;O
most;O
peaceful;O
places;O
I’ve;O
visited;O
.;O
;
Did;O
you;O
know;O
that;O
Mount;B-MOU
Peale;I-MOU
is;O
part;O
of;O
the;O
La Sal;I-MOU
Mountains;I-LOC
?;O
;
We;O
took;O
a;O
scenic;O
route;O
past;O
Mount;B-MOU
Columbia;I-MOU
last;O
weekend;O
.;O
;
Mount;B-MOU
Tsukuba;I-MOU
is;O
just;O
a;O
short;O
trip;O
from;O
Tokyo;B-LOC
.;O
;
I;O
never;O
knew;O
how;O
beautiful;O
Mount;B-MOU
David;I-MOU
was;O
until;O
I;O
saw;O
it;O
myself;O
.;O
;
We;O
had;O
a;O
picnic;O
near;O
Mount;B-MOU
Davidson;I-MOU
in;O
San;B-LOC
Francisco;I-LOC
.;O
;
Seeing;O
Mount;B-MOU
Sumbing;I-MOU
covered;O
in;O
mist;O
was;O
almost;O
unreal;O
.;O
;
Mount;B-MOU
Hesperus;I-MOU
has;O
a;O
certain;O
mystique;O
about;O
it;O
.;O
;
I;O
got;O
lost;O
on;O
the;O
way;O
to;O
Mount;B-MOU
Ball;I-MOU
,;O
but;O
I;O
eventually;O
made;O
it;O
there;O
.;O
;
The;O
sunset;O
over;O
Mount;B-MOU
Wellington;I-MOU
was;O
incredible;O
.;O
;
We;O
saw;O
Mount;B-MOU
Howitt;I-MOU
while;O
driving;O
through;O
Victoria;B-LOC
.;O
;
Mount;B-MOU
Bogong;I-MOU
is;O
the;O
highest;O
peak;O
in;O
Victoria;B-LOC
.;O
;
My;O
friends;O
and;O
I;O
climbed;O
Mount;B-MOU
Kukenán;I-MOU
on;O
a;O
whim;O
and;O
it;O
was;O
amazing;O
.;O
;
Mount;B-MOU
Katahdin;I-MOU
in;O
Maine;B-LOC
is;O
popular;O
with;O
hikers;O
.;O
;
I've;O
always;O
wanted;O
to;O
climb;O
Mount;B-MOU
Waddington;I-MOU
in;O
Canada;B-LOC
.;O
;
You;O
get;O
an;O
incredible;O
view;O
from;O
Mount;B-MOU
Egmont;I-MOU
in;O
New;B-LOC
Zealand;I-LOC
.;O
;
We;O
were;O
lucky;O
to;O
have;O
clear;O
skies;O
at;O
Mount;B-MOU
Hood;I-MOU
yesterday;O
.;O
;
Mount;B-MOU
Haggin;I-MOU
is;O
such;O
a;O
hidden;O
gem;O
in;O
the;O
Rockies;B-LOC
.;O
;
It;O
was;O
incredible;O
to;O
see;O
Mount;B-MOU
Vinson;I-MOU
up;O
close;O
on;O
our;O
Antarctica;B-LOC
expedition;O
.;O
;
Hiking;O
near;O
Mount;B-MOU
Assiniboine;I-MOU
was;O
like;O
stepping;O
into;O
a;O
postcard;O
.;O
;
We;O
camped;O
by;O
Mount;B-MOU
Rishiri;I-MOU
,;O
and;O
the;O
stars;O
were;O
unbelievable;O
.;O
;
The;O
forest;O
around;O
Mount;B-MOU
Kinpu;I-MOU
had;O
such;O
a;O
magical;O
feel;O
to;O
it;O
.;O
;
I;O
couldn't;O
believe;O
the;O
snowfall;O
on;O
Mount;B-MOU
Jefferson;I-MOU
last;O
winter;O
.;O
;
I've;O
never;O
seen;O
a;O
mountain;O
quite;O
like;O
Mount;B-MOU
Shavano;I-MOU
.;O
;
Mount;B-MOU
Fairweather;I-MOU
lives;O
up;O
to;O
its;O
name;O
,;O
the;O
weather;O
there;O
was;O
amazing;O
.;O
;
The;O
lake;O
at;O
the;O
base;O
of;O
Mount;B-MOU
Joffre;I-MOU
was;O
so;O
peaceful;O
.;O
;
We;O
spotted;O
wild;O
goats;O
near;O
Mount;B-MOU
Meeker;I-MOU
.;O
;
Mount;B-MOU
Asgard;I-MOU
is;O
one;O
of;O
the;O
coolest;O
mountains;O
I’ve;O
ever;O
seen;O
in;O
Greenland;B-LOC
.;O
;
Seeing;O
the;O
sunrise;O
at;O
Mount;B-MOU
Kineo;I-MOU
was;O
worth;O
the;O
early;O
start;O
.;O
;
The;O
views;O
from;O
Mount;B-MOU
Mitchell;I-MOU
were;O
out;O
of;O
this;O
world;O
.;O
;
They;O
say;O
that;O
Mount;B-MOU
Olympus;I-MOU
in;O
Washington;B-LOC
is;O
haunted;O
!;O
;
Mount;B-MOU
Myohyang;I-MOU
is;O
known;O
for;O
its;O
beautiful;O
temples;O
in;O
North;B-LOC
Korea;I-LOC
.;O
;
Climbing;O
Mount;B-MOU
Marcy;I-MOU
was;O
a;O
highlight;O
of;O
our;O
New;B-LOC
York;I-LOC
trip;O
.;O
;
Mount;B-MOU
La;B-LOC
Concha;I-MOU
is;O
right;O
next;O
to;O
the;O
Mediterranean;B-LOC
in;O
Spain;B-LOC
.;O
;
I;O
had;O
no;O
idea;O
Mount;B-MOU
Aragats;I-MOU
was;O
so;O
high;O
up;O
in;O
Armenia;B-LOC
.;O
;
We;O
found;O
the;O
most;O
beautiful;O
flowers;O
on;O
Mount;B-MOU
Elgon;I-MOU
in;O
Uganda;B-LOC
.;O
;
Yesterday;O
I;O
was;O
in;O
Japan;B-LOC
and;O
saw;O
Mount;B-MOU
Fuji;I-MOU
for;O
the;O
first;O
time;O
!;O
;
My;O
friend;O
just;O
got;O
back;O
from;O
Switzerland;B-LOC
,;O
and;O
she;O
hiked;O
around;O
the;O
Alps;B-MOU
.;O
;
I;O
didn’t;O
realize;O
how;O
stunning;O
Mount;B-MOU
Kilimanjaro;I-MOU
looks;O
until;O
I;O
saw;O
it;O
in;O
person;O
last;O
month;O
.;O
;
A;O
friend;O
of;O
mine;O
took;O
an;O
amazing;O
photo;O
of;O
the;O
Rockies;B-MOU
while;O
visiting;O
Canada;B-LOC
.;O
;
I’ve;O
always;O
wanted;O
to;O
hike;O
the;O
Andes;B-MOU
in;O
Peru;B-LOC
and;O
visit;O
Machu;B-MOU
Picchu;I-MOU
.;O
;
Have;O
you;O
ever;O
seen;O
the;O
Himalayas;B-MOU
up;O
close;O
?;O
They;O
look;O
so;O
majestic;O
in;O
Nepal;B-LOC
!;O
;
Last;O
year;O
,;O
we;O
climbed;O
Mount;B-MOU
Rainier;I-MOU
in;O
Washington;B-LOC
state;O
.;O
It;O
was;O
tough;O
but;O
worth;O
it;O
.;O
;
I;O
can't;O
wait;O
to;O
explore;O
Mount;B-MOU
Denali;I-MOU
in;O
Alaska;B-LOC
someday;O
.;O
;
My;O
cousin;O
just;O
got;O
back;O
from;O
Italy;B-LOC
and;O
told;O
me;O
all;O
about;O
her;O
hike;O
near;O
Mount;B-MOU
Etna;I-MOU
.;O
;
I;O
was;O
amazed;O
by;O
how;O
large;O
Mount;B-MOU
Elbrus;I-MOU
is;O
when;O
I;O
saw;O
it;O
in;O
Russia;B-LOC
.;O
;
You;O
went;O
to;O
the;O
Pyrenees;B-MOU
in;O
Spain;B-LOC
?;O
I;O
bet;O
that;O
was;O
an;O
incredible;O
experience;O
!;O
;
Did;O
you;O
know;O
that;O
Mount;B-MOU
Kosciuszko;I-MOU
is;O
the;O
tallest;O
mountain;O
in;O
Australia;B-LOC
?;O
;
My;O
family;O
took;O
a;O
trip;O
to;O
the;O
Rockies;B-MOU
last;O
summer;O
.;O
It;O
was;O
so;O
peaceful;O
there;O
.;O
;
I;O
didn’t;O
expect;O
the;O
Urals;B-MOU
to;O
be;O
so;O
beautiful;O
when;O
I;O
visited;O
Russia;B-LOC
.;O
;
The;O
Andes;B-MOU
are;O
absolutely;O
massive;O
!;O
I;O
was;O
blown;O
away;O
when;O
I;O
saw;O
them;O
in;O
Chile;B-LOC
.;O
;
I;O
visited;O
Mount;B-MOU
Fuji;I-MOU
in;O
Japan;B-LOC
last;O
summer;O
.;O
;
My;O
friend;O
climbed;O
the;O
Alps;B-MOU
in;O
Switzerland;B-LOC
and;O
said;O
it;O
was;O
amazing;O
!;O
;
Seeing;O
Mount;B-MOU
Kilimanjaro;I-MOU
up;O
close;O
in;O
Tanzania;B-LOC
was;O
a;O
life-changing;O
experience;O
.;O
;
I;O
spent;O
a;O
week;O
hiking;O
around;O
the;O
Rockies;B-MOU
in;O
Canada;B-LOC
.;O
;
Last;O
month;O
I;O
saw;O
the;O
Andes;B-MOU
in;O
Peru;B-LOC
,;O
they;O
were;O
breathtaking;O
.;O
;
Have;O
you;O
been;O
to;O
the;O
Himalayas;B-MOU
in;O
Nepal;B-LOC
?;O
It’s;O
stunning;O
there;O
!;O
;
My;O
friend;O
just;O
returned;O
from;O
Mount;B-MOU
Rainier;I-MOU
in;O
Washington;B-LOC
,;O
and;O
she;O
loved;O
it;O
.;O
;
I;O
plan;O
to;O
visit;O
Mount;B-MOU
Denali;I-MOU
in;O
Alaska;B-LOC
next;O
year;O
.;O
;
My;O
cousin;O
saw;O
Mount;B-MOU
Etna;I-MOU
erupting;O
while;O
in;O
Italy;B-LOC
!;O
;
I;O
was;O
in;O
Russia;B-LOC
and;O
climbed;O
Mount;B-MOU
Elbrus;I-MOU
last;O
year;O
.;O
;
The;O
Pyrenees;B-MOU
between;O
Spain;B-LOC
and;O
France;B-LOC
were;O
beautiful;O
on;O
our;O
trip;O
.;O
;
Mount;B-MOU
Kosciuszko;I-MOU
in;O
Australia;B-LOC
is;O
on;O
my;O
travel;O
list;O
.;O
;
I;O
went;O
hiking;O
in;O
the;O
Rockies;B-MOU
with;O
my;O
family;O
last;O
summer;O
.;O
;
Visiting;O
the;O
Urals;B-MOU
in;O
Russia;B-LOC
was;O
such;O
a;O
unique;O
experience;O
.;O
;
Seeing;O
the;O
Andes;B-MOU
from;O
Argentina;B-LOC
was;O
absolutely;O
stunning;O
.;O
;
Mount;B-MOU
Everest;I-MOU
is;O
definitely;O
on;O
my;O
bucket;O
list;O
.;O
;
I;O
met;O
someone;O
who;O
just;O
hiked;O
around;O
Mount;B-MOU
Olympus;I-MOU
in;O
Greece;B-LOC
.;O
;
Did;O
you;O
know;O
Mount;B-MOU
Aconcagua;I-MOU
is;O
the;O
tallest;O
in;O
South;B-LOC
America;I-LOC
?;O
;
The;O
Pyrenees;B-MOU
are;O
amazing;O
for;O
hiking;O
in;O
both;O
Spain;B-LOC
and;O
France;B-LOC
.;O
;
We;O
explored;O
Mount;B-MOU
Etna;I-MOU
during;O
our;O
trip;O
to;O
Sicily;B-LOC
.;O
;
I;O
finally;O
saw;O
Mount;B-MOU
Fuji;I-MOU
while;O
visiting;O
Japan;B-LOC
.;O
;
My;O
sister;O
went;O
hiking;O
in;O
the;O
Alps;B-MOU
in;O
Austria;B-LOC
and;O
loved;O
it;O
.;O
;
I;O
never;O
realized;O
how;O
big;O
Mount;B-MOU
Kilimanjaro;I-MOU
was;O
until;O
I;O
saw;O
it;O
myself;O
in;O
Tanzania;B-LOC
.;O
;
My;O
dream;O
is;O
to;O
road;O
trip;O
through;O
the;O
Rockies;B-MOU
in;O
Canada;B-LOC
someday;O
.;O
;
I;O
can’t;O
wait;O
to;O
visit;O
the;O
Andes;B-MOU
next;O
month;O
in;O
Peru;B-LOC
.;O
;
I’ve;O
seen;O
pictures;O
of;O
the;O
Himalayas;B-MOU
in;O
Nepal;B-LOC
and;O
they;O
look;O
incredible;O
!;O
;
My;O
cousin;O
climbed;O
Mount;B-MOU
Rainier;I-MOU
in;O
Washington;B-LOC
last;O
year;O
.;O
;
I;O
really;O
want;O
to;O
hike;O
Mount;B-MOU
Denali;I-MOU
next;O
time;O
I;O
visit;O
Alaska;B-LOC
.;O
;
Mount;B-MOU
Etna;I-MOU
in;O
Sicily;B-LOC
must;O
be;O
amazing;O
to;O
see;O
in;O
person;O
.;O
;
My;O
trip;O
to;O
Mount;B-MOU
Elbrus;I-MOU
in;O
Russia;B-LOC
was;O
unforgettable;O
.;O
;
The;O
Pyrenees;B-MOU
are;O
beautiful;O
,;O
I;O
hope;O
to;O
visit;O
Spain;B-LOC
someday;O
.;O
;
I;O
learned;O
that;O
Mount;B-MOU
Kosciuszko;I-MOU
is;O
actually;O
the;O
highest;O
peak;O
in;O
Australia;B-LOC
.;O
;
We;O
went;O
hiking;O
around;O
the;O
Rockies;B-MOU
last;O
summer;O
in;O
Colorado;B-LOC
.;O
;
The;O
Urals;B-MOU
are;O
a;O
sight;O
to;O
see;O
when;O
visiting;O
Russia;B-LOC
.;O
;
I;O
was;O
speechless;O
seeing;O
the;O
Andes;B-MOU
from;O
Chile;B-LOC
.;O
;
Ever;O
since;O
I;O
learned;O
about;O
Mount;B-MOU
Everest;I-MOU
,;O
I’ve;O
wanted;O
to;O
see;O
it;O
.;O
;
Mount;B-MOU
Olympus;I-MOU
in;O
Greece;B-LOC
has;O
so;O
much;O
history;O
tied;O
to;O
it;O
.;O
;
Did;O
you;O
know;O
that;O
Mount;B-MOU
Aconcagua;I-MOU
is;O
in;O
Argentina;B-LOC
?;O
;
My;O
friend;O
loved;O
hiking;O
in;O
the;O
Pyrenees;B-MOU
on;O
her;O
trip;O
to;O
France;B-LOC
.;O
;
Exploring;O
Mount;B-MOU
Etna;I-MOU
was;O
the;O
highlight;O
of;O
our;O
trip;O
to;O
Sicily;B-LOC
.;O
;
I;O
visited;O
Mount;B-MOU
St.;I-MOU
Helens;I-MOU
in;O
Washington;B-LOC
and;O
it;O
was;O
incredible;O
!;O
;
My;O
brother;O
went;O
hiking;O
around;O
Mount;B-MOU
Shasta;I-MOU
in;O
California;B-LOC
last;O
month;O
.;O
;
I;O
heard;O
that;O
Mount;B-MOU
Cook;I-MOU
in;O
New;B-LOC
Zealand;I-LOC
is;O
a;O
tough;O
climb;O
.;O
;
Just;O
got;O
back;O
from;O
exploring;O
the;O
Drakensberg;B-MOU
mountains;O
in;O
South;B-LOC
Africa;I-LOC
.;O
;
Have;O
you;O
seen;O
Mount;B-MOU
Hood;I-MOU
in;O
Oregon;B-LOC
?;O
It’s;O
breathtaking;O
.;O
;
I;O
really;O
want;O
to;O
visit;O
the;O
Carpathians;B-MOU
next;O
time;O
I;O
go;O
to;O
Romania;B-LOC
.;O
;
My;O
friend;O
just;O
got;O
back;O
from;O
exploring;O
the;O
Blue;B-MOU
Mountains;I-MOU
in;O
Australia;B-LOC
and;O
loved;O
it;O
.;O
;
I;O
heard;O
Mount;B-MOU
Rinjani;I-MOU
in;O
Indonesia;B-LOC
is;O
a;O
must-see;O
for;O
hikers;O
.;O
;
Climbing;O
Mount;B-MOU
Sinai;I-MOU
in;O
Egypt;B-LOC
was;O
an;O
unforgettable;O
experience;O
.;O
;
I’ve;O
always;O
wanted;O
to;O
visit;O
the;O
Zagros;B-MOU
mountains;O
in;O
Iran;B-LOC
.;O
;
The;O
Dolomites;B-MOU
in;O
Italy;B-LOC
are;O
so;O
beautiful;O
in;O
autumn;O
.;O
;
Mount;B-MOU
Whitney;I-MOU
in;O
California;B-LOC
is;O
known;O
for;O
its;O
scenic;O
views;O
.;O
;
Visiting;O
the;O
Taurus;B-MOU
mountains;O
in;O
Turkey;B-LOC
was;O
amazing;O
.;O
;
I;O
saw;O
Mount;B-MOU
Ruapehu;I-MOU
in;O
New;B-LOC
Zealand;I-LOC
and;O
it;O
was;O
absolutely;O
stunning;O
.;O
;
The;O
Pindus;B-MOU
mountains;O
in;O
Greece;B-LOC
are;O
famous;O
for;O
their;O
hiking;O
trails;O
.;O
;
My;O
friend;O
visited;O
the;O
Altai;B-MOU
mountains;O
in;O
Mongolia;B-LOC
last;O
year;O
.;O
;
Have;O
you;O
been;O
to;O
Mount;B-MOU
Olympus;I-MOU
in;O
Cyprus;B-LOC
?;O
;
The;O
Vosges;B-MOU
mountains;O
in;O
France;B-LOC
are;O
stunning;O
in;O
winter;O
.;O
;
I;O
visited;O
Mount;B-MOU
Ararat;I-MOU
in;O
Turkey;B-LOC
,;O
and;O
the;O
views;O
were;O
amazing;O
.;O
;
Seeing;O
Mount;B-MOU
Taranaki;I-MOU
in;O
New;B-LOC
Zealand;I-LOC
was;O
a;O
highlight;O
of;O
my;O
trip;O
.;O
;
Last;O
year;O
,;O
I;O
visited;O
Mount;B-MOU
Vesuvius;I-MOU
in;O
Italy;B-LOC
,;O
it’s;O
such;O
a;O
famous;O
volcano;O
.;O
;
I;O
went;O
hiking;O
around;O
the;O
Atlas;B-MOU
mountains;O
in;O
Morocco;B-LOC
and;O
they’re;O
amazing;O
!;O
;
I’ve;O
always;O
wanted;O
to;O
see;O
Mount;B-MOU
Fitz;I-MOU
Roy;I-MOU
in;O
Argentina;B-LOC
,;O
it’s;O
a;O
mountaineer’s;O
dream;O
.;O
;
The;O
Harz;B-MOU
mountains;O
in;O
Germany;B-LOC
are;O
so;O
picturesque;O
,;O
especially;O
in;O
the;O
winter;O
.;O
;
Climbing;O
Mount;B-MOU
Apo;I-MOU
in;O
the;O
Philippines;B-LOC
was;O
a;O
challenging;O
experience;O
.;O
;
I;O
finally;O
visited;O
Mount;B-MOU
Tambora;I-MOU
in;O
Indonesia;B-LOC
,;O
it’s;O
an;O
incredible;O
volcano;O
.;O
;
My;O
cousin;O
climbed;O
the;O
Sierra;B-MOU
Madre;I-MOU
mountains;O
in;O
Mexico;B-LOC
last;O
spring;O
.;O
;
The;O
Apennine;B-MOU
mountains;O
run;O
through;O
central;O
Italy;B-LOC
,;O
and;O
they’re;O
beautiful;O
.;O
;
I;O
saw;O
Mount;B-MOU
Jebel;I-MOU
Toubkal;I-MOU
when;O
I;O
visited;O
Morocco;B-LOC
,;O
it’s;O
the;O
highest;O
peak;O
there;O
.;O
;
Exploring;O
the;O
San;B-MOU
Gabriel;I-MOU
mountains;O
in;O
California;B-LOC
was;O
a;O
great;O
adventure;O
.;O
;
I’ve;O
heard;O
that;O
Mount;B-MOU
Kinabalu;I-MOU
in;O
Malaysia;B-LOC
has;O
amazing;O
sunrise;O
views;O
.;O
;
Have;O
you;O
seen;O
Mount;B-MOU
Nyiragongo;I-MOU
in;O
Congo;B-LOC
?;O
It’s;O
an;O
active;O
volcano;O
!;O
;
My;O
uncle;O
visited;O
the;O
Hajar;B-MOU
mountains;O
in;O
Oman;B-LOC
and;O
loved;O
it;O
.;O
;
The;O
Picos;B-MOU
de;I-MOU
Europa;I-MOU
mountains;O
in;O
Spain;B-LOC
are;O
perfect;O
for;O
hiking;O
.;O
;
I;O
spent;O
a;O
weekend;O
near;O
Mount;B-MOU
Kazbek;I-MOU
in;O
Georgia;B-LOC
,;O
it’s;O
a;O
gorgeous;O
area;O
.;O
;
The;O
Western;B-MOU
Ghats;I-MOU
in;O
India;B-LOC
are;O
stunning;O
,;O
especially;O
during;O
monsoon;O
season;O
.;O
;
Mount;B-MOU
Roraima;I-MOU
on;O
the;O
border;O
of;O
Venezuela;B-LOC
is;O
a;O
unique;O
tabletop;O
mountain;O
.;O
;
I;O
took;O
a;O
tour;O
around;O
the;O
Laurentian;B-MOU
mountains;O
in;O
Canada;B-LOC
and;O
loved;O
the;O
scenery;O
.;O
;
I’ve;O
heard;O
the;O
Green;B-MOU
Mountains;I-MOU
in;O
Vermont;B-LOC
are;O
beautiful;O
in;O
the;O
fall;O
.;O
;
The;O
Kunlun;B-MOU
mountains;O
in;O
China;B-LOC
are;O
rich;O
with;O
history;O
and;O
legend;O
.;O
;
I;O
finally;O
got;O
to;O
see;O
Mount;B-MOU
Gede;I-MOU
in;O
Indonesia;B-LOC
,;O
it’s;O
a;O
beautiful;O
volcano;O
.;O
;
The;O
Jura;B-MOU
mountains;O
along;O
the;O
France;B-LOC
and;O
Switzerland;B-LOC
border;O
are;O
perfect;O
for;O
skiing;O
.;O
;
I’ve;O
always;O
wanted;O
to;O
see;O
Mount;B-MOU
Ngauruhoe;I-MOU
in;O
New;B-LOC
Zealand;I-LOC
,;O
it’s;O
got;O
a;O
fascinating;O
shape;O
.;O
;
I;O
hiked;O
up;O
Mount;B-MOU
Katahdin;I-MOU
in;O
Maine;B-LOC
last;O
summer;O
and;O
loved;O
the;O
view;O
.;O
;
The;O
Fagaras;B-MOU
mountains;O
in;O
Romania;B-LOC
are;O
so;O
rugged;O
and;O
stunning;O
.;O
;
My;O
sister;O
took;O
a;O
trip;O
to;O
Mount;B-MOU
Pico;I-MOU
in;O
Portugal;B-LOC
,;O
and;O
she;O
said;O
it;O
was;O
unforgettable;O
.;O
;
I’ve;O
seen;O
photos;O
of;O
the;O
Alborz;B-MOU
mountains;O
in;O
Iran;B-LOC
,;O
they’re;O
breathtaking;O
.;O
;
My;O
friend;O
climbed;O
Mount;B-MOU
Erebus;I-MOU
in;O
Antarctica;B-LOC
,;O
it’s;O
one;O
of;O
the;O
southernmost;O
volcanoes;O
.;O
;
I’d;O
love;O
to;O
hike;O
in;O
the;O
Scandinavian;B-MOU
mountains;O
on;O
my;O
next;O
trip;O
to;O
Sweden;B-LOC
.;O
;
The;O
Caucasus;B-MOU
mountains;O
in;O
Georgia;B-LOC
are;O
absolutely;O
stunning;O
in;O
the;O
spring;O
.;O
;
I;O
visited;O
Mount;B-MOU
Fujiwara;I-MOU
in;O
Japan;B-LOC
,;O
it’s;O
a;O
smaller;O
mountain;O
but;O
so;O
scenic;O
.;O
;
I;O
heard;O
that;O
Mount;B-MOU
Daisen;I-MOU
in;O
Japan;B-LOC
is;O
stunning;O
in;O
autumn;O
.;O
;
The;O
Parâng;B-MOU
mountains;O
in;O
Romania;B-LOC
have;O
incredible;O
trails;O
for;O
hikers;O
.;O
;
I;O
took;O
a;O
trip;O
to;O
Mount;B-MOU
Hood;I-MOU
in;O
Oregon;B-LOC
and;O
the;O
views;O
were;O
fantastic;O
.;O
;
My;O
cousin;O
recently;O
visited;O
the;O
Altiplano;B-MOU
mountains;O
in;O
Bolivia;B-LOC
and;O
said;O
it;O
was;O
breathtaking;O
.;O
;
I’d;O
love;O
to;O
see;O
Mount;B-MOU
Moco;I-MOU
in;O
Angola;B-LOC
someday;O
.;O
;
The;O
Drakensberg;B-MOU
mountains;O
in;O
Lesotho;B-LOC
have;O
such;O
unique;O
landscapes;O
.;O
;
My;O
friend;O
went;O
hiking;O
around;O
Mount;B-MOU
Damavand;I-MOU
in;O
Iran;B-LOC
,;O
it’s;O
so;O
majestic;O
.;O
;
I’ve;O
heard;O
that;O
Mount;B-MOU
Wilhelm;I-MOU
in;O
Papua;B-LOC
New;I-LOC
Guinea;I-LOC
is;O
the;O
highest;O
in;O
the;O
region;O
.;O
;
I;O
saw;O
Mount;B-MOU
Huascarán;I-MOU
in;O
Peru;B-LOC
from;O
afar;O
,;O
and;O
it;O
was;O
massive;O
!;O
;
Did;O
you;O
watch;O
the;O
new;O
documentary;O
on;O
space;O
exploration;O
?;O
It’s;O
fascinating;O
!;O
;
I;O
can’t;O
believe;O
how;O
quickly;O
technology;O
has;O
advanced;O
in;O
the;O
past;O
decade;O
.;O
;
Have;O
you;O
tried;O
the;O
new;O
restaurant;O
downtown;O
?;O
The;O
food;O
is;O
amazing;O
.;O
;
Learning;O
a;O
new;O
language;O
has;O
been;O
challenging;O
but;O
very;O
rewarding;O
.;O
;
I’m;O
thinking;O
about;O
taking;O
a;O
pottery;O
class;O
this;O
weekend;O
.;O
;
It’s;O
amazing;O
how;O
nature;O
can;O
be;O
so;O
calming;O
,;O
even;O
on;O
the;O
busiest;O
days;O
.;O
;
Reading;O
before;O
bed;O
has;O
helped;O
me;O
relax;O
and;O
sleep;O
better;O
.;O
;
Have;O
you;O
tried;O
the;O
new;O
app;O
for;O
tracking;O
workouts;O
?;O
It;O
makes;O
it;O
so;O
much;O
easier;O
.;O
;
I;O
love;O
how;O
music;O
can;O
instantly;O
change;O
my;O
mood;O
.;O
;
Last;O
night;O
,;O
I;O
watched;O
an;O
incredible;O
movie;O
that;O
I;O
can’t;O
stop;O
thinking;O
about;O
.;O
;
Did;O
you;O
know;O
that;O
there;O
are;O
so;O
many;O
species;O
of;O
plants;O
that;O
can;O
purify;O
indoor;O
air;O
?;O
;
I’m;O
so;O
excited;O
to;O
start;O
planning;O
my;O
next;O
travel;O
adventure;O
.;O
;
Spending;O
time;O
outdoors;O
really;O
helps;O
me;O
feel;O
recharged;O
.;O
;
My;O
goal;O
this;O
year;O
is;O
to;O
learn;O
more;O
about;O
sustainable;O
living;O
.;O
;
I;O
just;O
tried;O
a;O
new;O
recipe;O
and;O
it;O
turned;O
out;O
surprisingly;O
delicious;O
.;O
;
I;O
can’t;O
wait;O
for;O
the;O
weekend;O
to;O
unwind;O
and;O
relax;O
.;O
;
Journaling;O
has;O
really;O
helped;O
me;O
organize;O
my;O
thoughts;O
.;O
;
Did;O
you;O
know;O
that;O
meditation;O
can;O
improve;O
concentration;O
?;O
;
I;O
love;O
finding;O
new;O
books;O
to;O
read;O
and;O
get;O
lost;O
in;O
their;O
stories;O
.;O
;
My;O
friend;O
started;O
learning;O
to;O
play;O
the;O
guitar;O
and;O
is;O
already;O
pretty;O
good;O
at;O
it;O
.;O
;
I’m;O
planning;O
to;O
start;O
a;O
garden;O
in;O
my;O
backyard;O
this;O
spring;O
.;O
;
Listening;O
to;O
a;O
good;O
podcast;O
on;O
a;O
walk;O
is;O
so;O
relaxing;O
.;O
;
I;O
signed;O
up;O
for;O
a;O
yoga;O
class;O
to;O
improve;O
my;O
flexibility;O
.;O
;
There’s;O
a;O
new;O
art;O
exhibit;O
opening;O
next;O
month;O
that;O
I;O
really;O
want;O
to;O
see;O
.;O
;
Trying;O
new;O
foods;O
from;O
different;O
cultures;O
is;O
one;O
of;O
my;O
favorite;O
things;O
to;O
do;O
.;O
;
Yesterday;O
,;O
I;O
met;O
Sarah;O
,;O
and;O
she;O
told;O
me;O
about;O
her;O
new;O
job;O
at;O
Google;O
.;O
;
I;O
just;O
bought;O
the;O
latest;O
iPhone;O
,;O
and;O
I’m;O
impressed;O
with;O
the;O
new;O
camera;O
features;O
.;O
;
Michael;O
said;O
he;O
got;O
tickets;O
to;O
see;O
Taylor;O
Swift;O
in;O
concert;O
next;O
month;O
.;O
;
My;O
sister;O
is;O
working;O
on;O
a;O
project;O
using;O
Python;O
,;O
and;O
she;O
loves;O
it;O
.;O
;
I;O
heard;O
Microsoft;O
is;O
launching;O
a;O
new;O
version;O
of;O
Windows;O
soon;O
.;O
;
John;O
and;O
I;O
were;O
talking;O
about;O
starting;O
a;O
podcast;O
together;O
.;O
;
Emma;O
mentioned;O
that;O
she;O
has;O
an;O
interview;O
at;O
Tesla;O
next;O
week;O
.;O
;
I;O
recently;O
watched;O
a;O
documentary;O
about;O
Elon;O
Musk;O
and;O
his;O
plans;O
for;O
Mars;O
exploration;O
.;O
;
There’s;O
a;O
coding;O
workshop;O
hosted;O
by;O
IBM;O
that;O
I;O
want;O
to;O
attend;O
.;O
;
I;O
just;O
read;O
a;O
novel;O
by;O
Haruki;O
Murakami;O
,;O
and;O
I;O
couldn’t;O
put;O
it;O
down;O
.;O
;
The;O
app;O
my;O
friend;O
designed;O
for;O
Apple;O
is;O
now;O
available;O
in;O
the;O
App;O
Store;O
.;O
;
I;O
went;O
to;O
a;O
seminar;O
about;O
AI;O
organized;O
by;O
NVIDIA;O
last;O
weekend;O
.;O
;
Mark;O
invited;O
me;O
to;O
join;O
his;O
coding;O
team;O
for;O
a;O
hackathon;O
at;O
Amazon;O
next;O
month;O
.;O
;
My;O
company;O
uses;O
Salesforce;O
for;O
managing;O
customer;O
data;O
.;O
;
I;O
saw;O
a;O
TED;O
Talk;O
by;O
Simon;O
Sinek;O
,;O
and;O
it;O
was;O
really;O
inspiring;O
.;O
;
Anna;O
suggested;O
trying;O
the;O
new;O
restaurant;O
owned;O
by;O
Gordon;O
Ramsay;O
.;O
;
The;O
course;O
I’m;O
taking;O
on;O
Udemy;O
has;O
helped;O
me;O
improve;O
my;O
coding;O
skills;O
.;O
;
Tom;O
is;O
presenting;O
his;O
project;O
on;O
climate;O
change;O
at;O
Harvard;O
next;O
week;O
.;O
;
Sarah;O
recently;O
traveled;O
to;O
Italy;O
and;O
shared;O
amazing;O
photos;O
on;O
Instagram;O
.;O
;
I;O
downloaded;O
a;O
new;O
productivity;O
app;O
from;O
Notion;O
,;O
and;O
it;O
has;O
been;O
a;O
game;O
changer;O
.;O
;
Lucas;O
said;O
he’s;O
working;O
with;O
blockchain;O
technology;O
at;O
IBM;O
.;O
;
Have;O
you;O
read;O
the;O
latest;O
article;O
by;O
Neil;O
deGrasse;O
Tyson;O
?;O
;
My;O
friend;O
launched;O
a;O
startup;O
focused;O
on;O
sustainable;O
energy;O
with;O
funding;O
from;O
Google;O
.;O
;
Emma;O
just;O
started;O
using;O
Slack;O
for;O
team;O
communication;O
at;O
her;O
company;O
.;O
;
The;O
book;O
by;O
Malcolm;O
Gladwell;O
I’m;O
reading;O
has;O
so;O
many;O
interesting;O
ideas;O
.;O
;
I;O
just;O
finished;O
an;O
online;O
course;O
on;O
digital;O
marketing;O
from;O
Coursera;O
,;O
and;O
it;O
was;O
really;O
informative;O
.;O
;
Lisa;O
recommended;O
reading;O
an;O
article;O
by;O
Richard;O
Branson;O
on;O
leadership;O
strategies;O
.;O
;
There’s;O
a;O
new;O
startup;O
called;O
Luminar;O
that’s;O
working;O
on;O
self-driving;O
car;O
technology;O
.;O
;
My;O
brother;O
got;O
a;O
job;O
with;O
Deloitte;O
as;O
a;O
financial;O
analyst;O
.;O
;
Sophie;O
showed;O
me;O
a;O
new;O
project;O
she’s;O
working;O
on;O
with;O
her;O
team;O
at;O
Adobe;O
.;O
;
I;O
recently;O
read;O
a;O
biography;O
about;O
Steve;O
Jobs;O
,;O
and;O
it;O
was;O
so;O
inspiring;O
.;O
;
The;O
IBM;O
Watson;O
AI;O
platform;O
is;O
being;O
used;O
in;O
hospitals;O
for;O
diagnostics;O
.;O
;
My;O
friend;O
joined;O
a;O
coding;O
bootcamp;O
run;O
by;O
Flatiron;O
School;O
,;O
and;O
he’s;O
loving;O
it;O
.;O
;
Alex;O
shared;O
some;O
investment;O
tips;O
he;O
learned;O
from;O
reading;O
Warren;O
Buffett’s;O
biography;O
.;O
;
I;O
bought;O
a;O
Tesla;O
Model;O
3;O
last;O
month;O
and;O
the;O
autopilot;O
feature;O
is;O
amazing;O
.;O
;
Claire;O
is;O
going;O
to;O
present;O
her;O
research;O
paper;O
at;O
MIT;O
next;O
month;O
.;O
;
My;O
team;O
at;O
Amazon;O
is;O
launching;O
a;O
new;O
cloud;O
service;O
next;O
quarter;O
.;O
;
I;O
joined;O
a;O
group;O
on;O
Facebook;O
for;O
digital;O
nomads;O
and;O
found;O
a;O
lot;O
of;O
useful;O
tips;O
.;O
;
Sophia;O
was;O
accepted;O
to;O
Stanford;O
University;O
and;O
plans;O
to;O
study;O
computer;O
science;O
.;O
;
My;O
cousin;O
works;O
with;O
Microsoft;O
Azure;O
,;O
helping;O
clients;O
with;O
cloud;O
migrations;O
.;O
;
I;O
attended;O
a;O
keynote;O
by;O
Bill;O
Gates;O
at;O
a;O
recent;O
tech;O
conference;O
.;O
;
Emma;O
told;O
me;O
she;O
saw;O
a;O
presentation;O
about;O
sustainable;O
energy;O
at;O
Google;O
headquarters;O
.;O
;
I’m;O
taking;O
a;O
data;O
analysis;O
course;O
on;O
DataCamp;O
and;O
learning;O
so;O
much;O
.;O
;
Last;O
week;O
,;O
I;O
tried;O
a;O
virtual;O
reality;O
headset;O
developed;O
by;O
Oculus;O
and;O
it;O
was;O
mind-blowing;O
.;O
;
David;O
got;O
a;O
promotion;O
at;O
Oracle;O
where;O
he;O
manages;O
database;O
solutions;O
for;O
clients;O
.;O
;
My;O
friend;O
joined;O
an;O
AI;O
research;O
team;O
funded;O
by;O
DARPA;O
and;O
they’re;O
working;O
on;O
exciting;O
projects;O
.;O
;
Lily;O
was;O
so;O
excited;O
when;O
she;O
got;O
an;O
offer;O
from;O
SpaceX;O
to;O
work;O
in;O
their;O
engineering;O
department;O
.;O
;
Netflix;O
has;O
released;O
a;O
lot;O
of;O
great;O
documentaries;O
this;O
year;O
.;O
;
The;O
latest;O
seminar;O
by;O
Tony;O
Robbins;O
was;O
all;O
about;O
financial;O
resilience;O
.;O
;
My;O
coworker;O
is;O
learning;O
Swift;O
to;O
develop;O
apps;O
for;O
the;O
Apple;O
ecosystem;O
.;O
;
Julia;O
just;O
finished;O
an;O
advanced;O
SQL;O
course;O
on;O
LinkedIn;O
Learning;O
and;O
found;O
it;O
really;O
helpful;O
.;O
;
Last;O
weekend;O
,;O
I;O
attended;O
a;O
webinar;O
hosted;O
by;O
Intel;O
about;O
quantum;O
computing;O
.;O
;
Ben;O
and;O
I;O
were;O
discussing;O
the;O
new;O
features;O
of;O
Photoshop;O
,;O
especially;O
the;O
AI-powered;O
editing;O
tools;O
.;O
;
My;O
manager;O
recommended;O
watching;O
a;O
TED;O
Talk;O
by;O
Sheryl;O
Sandberg;O
on;O
leadership;O
and;O
resilience;O
.;O
;
I;O
saw;O
an;O
article;O
about;O
Amazon;O
Web;O
Services;O
launching;O
a;O
new;O
data;O
center;O
in;O
Europe;O
.;O
;
Natalie;O
is;O
working;O
on;O
a;O
project;O
with;O
IBM;O
Blockchain;O
to;O
improve;O
supply;O
chain;O
transparency;O
.;O
;
I;O
heard;O
that;O
Harvard;O
is;O
offering;O
a;O
new;O
online;O
course;O
in;O
machine;O
learning;O
this;O
semester;O
.;O
;
My;O
friend;O
bought;O
a;O
new;O
Samsung;O
Galaxy;O
phone;O
,;O
and;O
the;O
camera;O
is;O
incredible;O
.;O
;
There’s;O
a;O
startup;O
called;O
Neuralink;O
that;O
is;O
exploring;O
brain-computer;O
interfaces;O
.;O
;
I;O
tried;O
the;O
virtual;O
meeting;O
platform;O
developed;O
by;O
Zoom;O
and;O
found;O
it;O
super;O
efficient;O
for;O
remote;O
work;O
.;O
;
Jason;O
read;O
a;O
biography;O
of;O
Elon;O
Musk;O
and;O
got;O
inspired;O
by;O
his;O
vision;O
for;O
space;O
exploration;O
.;O
;
Lily;O
mentioned;O
a;O
new;O
AI;O
course;O
that’s;O
available;O
on;O
Coursera;O
and;O
includes;O
hands-on;O
projects;O
.;O
;
My;O
cousin;O
started;O
working;O
as;O
a;O
data;O
scientist;O
at;O
Nvidia;O
and;O
loves;O
the;O
innovative;O
environment;O
.;O
;
I;O
attended;O
a;O
conference;O
on;O
cybersecurity;O
sponsored;O
by;O
Cisco;O
last;O
week;O
.;O
;
Emily;O
shared;O
some;O
insights;O
from;O
a;O
report;O
by;O
McKinsey;O
on;O
global;O
market;O
trends;O
.;O
;
Jake;O
signed;O
up;O
for;O
a;O
robotics;O
workshop;O
hosted;O
by;O
Boston;O
Dynamics;O
.;O
;
My;O
company;O
uses;O
Oracle;O
software;O
for;O
managing;O
databases;O
.;O
;
Rachel;O
watched;O
a;O
documentary;O
on;O
Netflix;O
about;O
the;O
rise;O
of;O
renewable;O
energy;O
technologies;O
.;O
;
The;O
new;O
report;O
by;O
Gartner;O
predicts;O
significant;O
growth;O
in;O
the;O
cloud;O
computing;O
market;O
.;O
;
My;O
friend;O
works;O
in;O
software;O
development;O
at;O
Shopify;O
,;O
focusing;O
on;O
e-commerce;O
solutions;O
.;O
;
I;O
went;O
to;O
a;O
presentation;O
by;O
Tim;O
Ferriss;O
,;O
who;O
talked;O
about;O
productivity;O
hacks;O
.;O
;
Sarah;O
recently;O
joined;O
a;O
research;O
group;O
at;O
MIT;O
focused;O
on;O
artificial;O
intelligence;O
.;O
;
I;O
saw;O
an;O
interesting;O
ad;O
about;O
a;O
new;O
VR;O
headset;O
developed;O
by;O
HTC;O
.;O
;
Matt;O
is;O
excited;O
about;O
his;O
new;O
role;O
at;O
Deloitte;O
in;O
the;O
consulting;O
division;O
.;O
;
We;O
had;O
a;O
team;O
meeting;O
where;O
our;O
manager;O
mentioned;O
collaborating;O
with;O
Salesforce;O
on;O
customer;O
data;O
projects;O
.;O
;
Anna;O
attended;O
a;O
seminar;O
on;O
big;O
data;O
analysis;O
hosted;O
by;O
IBM;O
last;O
month;O
.;O
;
My;O
cousin;O
started;O
using;O
Asana;O
for;O
managing;O
her;O
project;O
timelines;O
,;O
and;O
she;O
finds;O
it;O
really;O
helpful;O
.;O
;
Jason;O
is;O
learning;O
how;O
to;O
code;O
in;O
Python;O
through;O
a;O
course;O
on;O
Udacity;O
.;O
;
My;O
team;O
recently;O
adopted;O
Slack;O
for;O
communication;O
,;O
and;O
it;O
has;O
improved;O
our;O
workflow;O
.;O
;
Linda;O
recommended;O
a;O
new;O
marketing;O
strategy;O
inspired;O
by;O
Coca-Cola's;O
branding;O
campaigns;O
.;O
;
The;O
new;O
update;O
from;O
Salesforce;O
has;O
some;O
interesting;O
features;O
for;O
customer;O
data;O
management;O
.;O
;
Jack;O
read;O
an;O
article;O
about;O
Tesla's;O
latest;O
advancements;O
in;O
battery;O
technology;O
.;O
;
I;O
recently;O
watched;O
a;O
video;O
by;O
Gary;O
Vaynerchuk;O
on;O
personal;O
branding;O
and;O
social;O
media;O
strategies;O
.;O
;
Emma;O
is;O
doing;O
research;O
on;O
blockchain;O
applications;O
at;O
her;O
university;O
.;O
;
Sarah;O
found;O
an;O
internship;O
at;O
Facebook;O
for;O
the;O
summer;O
.;O
;
Ben;O
recommended;O
watching;O
a;O
series;O
on;O
Netflix;O
about;O
cybersecurity;O
.;O
;
I;O
joined;O
a;O
finance;O
club;O
at;O
my;O
university;O
,;O
and;O
we;O
often;O
discuss;O
trends;O
from;O
Bloomberg;O
.;O
;
Jill;O
started;O
using;O
Notion;O
to;O
organize;O
her;O
study;O
materials;O
.;O
;
The;O
conference;O
had;O
speakers;O
from;O
companies;O
like;O
Google;O
and;O
Apple;O
discussing;O
innovations;O
in;O
artificial;O
intelligence;O
.;O
;
Tom;O
bought;O
a;O
new;O
laptop;O
from;O
Dell;O
for;O
his;O
work;O
projects;O
.;O
;
I;O
read;O
about;O
Amazon's;O
plans;O
to;O
expand;O
into;O
more;O
areas;O
of;O
cloud;O
services;O
.;O
;
Sophie;O
tried;O
out;O
a;O
new;O
language;O
learning;O
app;O
called;O
Babbel;O
and;O
really;O
liked;O
it;O
.;O
;
My;O
company;O
is;O
planning;O
a;O
collaboration;O
with;O
Adobe;O
on;O
a;O
new;O
project;O
.;O
;
Chris;O
bought;O
some;O
stock;O
in;O
Shopify;O
after;O
hearing;O
about;O
their;O
growth;O
in;O
e-commerce;O
.;O
;
I;O
tried;O
a;O
new;O
collaboration;O
tool;O
from;O
Trello;O
,;O
and;O
it;O
makes;O
project;O
tracking;O
so;O
easy;O
.;O
;
Laura;O
is;O
taking;O
an;O
online;O
coding;O
bootcamp;O
from;O
Flatiron;O
School;O
to;O
learn;O
full-stack;O
development;O
.;O
;
Mark;O
started;O
a;O
side;O
business;O
selling;O
custom;O
designs;O
he;O
created;O
using;O
Canva;O
.;O
;
Jessica;O
joined;O
a;O
LinkedIn;O
group;O
for;O
data;O
science;O
professionals;O
and;O
found;O
it;O
very;O
useful;O
.;O
;
Our;O
team;O
uses;O
Monday.com;O
for;O
managing;O
project;O
timelines;O
and;O
tasks;O
.;O
;
My;O
friend;O
attended;O
a;O
workshop;O
on;O
UI;O
and;O
UX;O
design;O
by;O
a;O
designer;O
from;O
Figma;O
.;O
;
Olivia;O
signed;O
up;O
for;O
a;O
digital;O
marketing;O
course;O
hosted;O
by;O
Coursera;O
and;O
thinks;O
it;O
could;O
help;O
her;O
career;O
.;O
;
My;O
brother;O
bought;O
a;O
subscription;O
to;O
Adobe;O
Creative;O
Cloud;O
for;O
his;O
photography;O
projects;O
.;O
;
Emma;O
recently;O
read;O
an;O
article;O
on;O
TechCrunch;O
about;O
new;O
startups;O
in;O
the;O
AI;O
industry;O
.;O
;
At;O
the;O
conference;O
,;O
Sarah;O
met;O
engineers;O
from;O
Intel;O
and;O
Microsoft;O
discussing;O
the;O
future;O
of;O
edge;O
computing;O
.;O
;
Tom;O
mentioned;O
he;O
found;O
some;O
useful;O
tutorials;O
on;O
GitHub;O
for;O
learning;O
JavaScript;O
.;O
;
Lucy;O
used;O
Fiverr;O
to;O
hire;O
a;O
designer;O
for;O
her;O
website;O
logo;O
.;O
;
The;O
team;O
at;O
Google;O
recently;O
announced;O
a;O
new;O
update;O
for;O
Google;O
Maps;O
,;O
making;O
navigation;O
even;O
easier;O
.;O
;
Jake;O
loves;O
watching;O
documentaries;O
on;O
BBC;O
,;O
especially;O
those;O
on;O
historical;O
topics;O
.;O
;
Chloe;O
created;O
her;O
own;O
podcast;O
using;O
Anchor;O
,;O
and;O
it’s;O
getting;O
great;O
feedback;O
.;O
;
I;O
read;O
a;O
review;O
of;O
Apple’s;O
new;O
iPhone;O
on;O
CNET;O
,;O
and;O
it;O
sounds;O
impressive;O
.;O
;
Sophie;O
is;O
learning;O
video;O
editing;O
with;O
DaVinci;O
Resolve;O
,;O
which;O
she;O
finds;O
very;O
intuitive;O
.;O
;
Sam;O
used;O
Kickstarter;O
to;O
fund;O
his;O
creative;O
project;O
and;O
was;O
surprised;O
by;O
the;O
support;O
he;O
received;O
.;O
;
Emily;O
started;O
a;O
coding;O
project;O
using;O
Unity;O
and;O
is;O
enjoying;O
learning;O
game;O
development;O
basics;O
.;O
;
There;O
was;O
an;O
interesting;O
webinar;O
on;O
Zoom;O
about;O
virtual;O
event;O
management;O
that;O
my;O
friend;O
attended;O
.;O
;
My;O
manager;O
encouraged;O
us;O
to;O
take;O
a;O
productivity;O
course;O
available;O
on;O
Skillshare;O
.;O
;
Jake;O
is;O
planning;O
to;O
attend;O
a;O
training;O
session;O
by;O
IBM;O
on;O
the;O
basics;O
of;O
cloud;O
computing;O
.;O
;
I;O
came;O
across;O
a;O
TED;O
Talk;O
by;O
Brené;O
Brown;O
,;O
which;O
focused;O
on;O
vulnerability;O
and;O
courage;O
.;O
;
Alicia;O
found;O
a;O
deal;O
on;O
Udemy;O
for;O
an;O
AI;O
course;O
and;O
signed;O
up;O
immediately;O
.;O
;
The;O
office;O
started;O
using;O
Miro;O
for;O
brainstorming;O
sessions;O
,;O
and;O
everyone;O
loves;O
the;O
interactive;O
features;O
.;O
;
Charlie;O
is;O
working;O
on;O
an;O
advertising;O
campaign;O
for;O
Coca-Cola;O
in;O
his;O
marketing;O
class;O
.;O
;
I;O
heard;O
that;O
Twitter;O
will;O
be;O
launching;O
some;O
new;O
features;O
focused;O
on;O
community;O
engagement;O
.;O
;
Karen;O
got;O
some;O
amazing;O
recipe;O
ideas;O
from;O
Pinterest;O
for;O
her;O
upcoming;O
party;O
.;O
;
My;O
friend;O
has;O
been;O
following;O
Neil;O
deGrasse;O
Tyson;O
on;O
Instagram;O
for;O
his;O
insights;O
on;O
space;O
exploration;O
.;O
;
I;O
saw;O
an;O
advertisement;O
from;O
Toyota;O
for;O
their;O
new;O
hybrid;O
SUV;O
,;O
which;O
looks;O
fantastic;O
.;O
;
Rachel;O
recently;O
finished;O
a;O
certification;O
in;O
graphic;O
design;O
from;O
LinkedIn;O
Learning;O
.;O
